address,amount
0x117AF41bef5D12D39284861bB402dDFD89f94d3a,1000
0xdc363D0Bf8a39F6734ca0fd8958cA5450D92a591,1000
0x39Cd20Fdb365ABB55af36BfbC464D02F20C6C10d,1000
0x98D98FE1C33501b0B422aD0d24FA39e7462D2Bd2,1000
0x3ba473b0643d3dE93D7ff8F09De245cC150Dd593,1000
0x3d98176661982348F0C64F266e0487d09D27cAf7,1000
0x3B0C95F2F5dB5A327601d103B688551BE5086AAa,1000
0xAF0b25770e0282a79d44BA9b52830f82FE61fE08,1000
0x4245f6fe7e4050b4039fb6d324EaEf69288D7942,1000
0x9278223aa97A843b4708161370Db72e8a4eB7Bb9,1000
0x505b9eeCFa33866C41ba62C38064FFc4993ea2CA,1000
0x92DF5f2e2FCdDc97E0Ed4EeBf9545214FfD57d1c,1000
0x0fFa0Ac2b95086e90EB817A5d2a1E8ba41c7d0a4,1000
0x62C677Df6D53254927c0007Cd9bf25DCc7acECC9,1000
0x0261b4bF39ae80E175BE68b5Dd83F084F6F9d6ec,1000
0x4DcF871273C0aA18A8a404527a75185b7fb13091,1000
0xb516076338332A0565B57653BcE48F5e682195E0,1000
0x301a09CaDB9c682aEd7f7BaB0e83B660bb223F81,1000
0x248bd2637c0F116C5Ec4ee6900e73ea87d0871A6,1000
0xfE18E29379e1A17a00b304cEeD3C084C498d1acD,1000
0x4E9dfbd474D15eE13dE44b9B5aEE604dF2175d4F,1000
0x4308401757D43985a41A038E73Af122470A4aa3b,1000
0x0ad6C38E9E0902D40d2c1Fd677634cb979E77bea,1000
0x63c07C45F9257aBE2F24d83579757Cea7513f513,1000
0x06e954B03260fD1ed3815f004e6d93D03dfB982b,1000
0xf2e4aDB6c2CD4d472C5CF35c50645756D5f9b27E,1000
0x8e2e990538712829caFDb232a194e50D82708070,1000